,,,/Stimuli/Scrambled/Slide168S0.JPG
,,,/Stimuli/Scrambled/Slide7S0.JPG
,,,/Stimuli/Scrambled/Slide48S0.JPG
,,,/Stimuli/Scrambled/Slide34S0.JPG
,,,/Stimuli/Scrambled/Slide200S0.JPG
,,,/Stimuli/Scrambled/Slide85S0.JPG
, E,,/Stimuli/Scrambled/Slide114S0.JPG
,,,/Stimuli/Scrambled/Slide144S0.JPG
,,,/Stimuli/Scrambled/Slide149S0.JPG
,,,/Stimuli/Scrambled/Slide216S0.JPG
,,,/Stimuli/Scrambled/Slide152S0.JPG
,,,/Stimuli/Scrambled/Slide38S0.JPG
,,,/Stimuli/Scrambled/Slide4S0.JPG
,,,/Stimuli/Scrambled/Slide75S0.JPG
,,,/Stimuli/Scrambled/Slide190S0.JPG
,,,/Stimuli/Scrambled/Slide51S0.JPG
,,,/Stimuli/Scrambled/Slide56S0.JPG
,,,/Stimuli/Scrambled/Slide193S0.JPG
,,,/Stimuli/Scrambled/Slide15S0.JPG
,,,/Stimuli/Scrambled/Slide158S0.JPG
,,,/Stimuli/Scrambled/Slide151S0.JPG
,,,/Stimuli/Scrambled/Slide52S0.JPG
,,,/Stimuli/Scrambled/Slide211S0.JPG
,,,/Stimuli/Scrambled/Slide19S0.JPG
, E,,/Stimuli/Scrambled/Slide110S0.JPG
,,,/Stimuli/Scrambled/Slide202S0.JPG
,,,/Stimuli/Scrambled/Slide35S0.JPG
,,,/Stimuli/Scrambled/Slide155S0.JPG
,,,/Stimuli/Scrambled/Slide20S0.JPG
,,,/Stimuli/Scrambled/Slide1S0.JPG
,,,/Stimuli/Scrambled/Slide37S0.JPG
,,,/Stimuli/Scrambled/Slide58S0.JPG
,,,/Stimuli/Scrambled/Slide148S0.JPG
,,,/Stimuli/Scrambled/Slide68S0.JPG
,,,/Stimuli/Scrambled/Slide220S0.JPG
,,,/Stimuli/Scrambled/Slide46S0.JPG
,,,/Stimuli/Scrambled/Slide126S0.JPG
,,,/Stimuli/Scrambled/Slide92S0.JPG
,,,/Stimuli/Scrambled/Slide145S0.JPG
,,,/Stimuli/Scrambled/Slide189S0.JPG
,,,/Stimuli/Scrambled/Slide78S0.JPG
,,,/Stimuli/Scrambled/Slide179S0.JPG
 Block, Condition,Box,Scrambled_Words
,,,/Stimuli/Scrambled/Slide184S0.JPG
,,,/Stimuli/Scrambled/Slide30S0.JPG
,,,/Stimuli/Scrambled/Slide47S0.JPG
,,,/Stimuli/Scrambled/Slide122S0.JPG
,,,/Stimuli/Scrambled/Slide6S0.JPG
,,,/Stimuli/Scrambled/Slide165S0.JPG
,,,/Stimuli/Scrambled/Slide167S0.JPG
,,,/Stimuli/Scrambled/Slide5S0.JPG
,,,/Stimuli/Scrambled/Slide182S0.JPG
,,,/Stimuli/Scrambled/Slide161S0.JPG
,,,/Stimuli/Scrambled/Slide26S0.JPG
,,,/Stimuli/Scrambled/Slide77S0.JPG
, S,,/Stimuli/Scrambled/Slide111S0.JPG
,,,/Stimuli/Scrambled/Slide222S0.JPG
,,,/Stimuli/Scrambled/Slide174S0.JPG
,,,/Stimuli/Scrambled/Slide36S0.JPG
,,,/Stimuli/Scrambled/Slide41S0.JPG
,,,/Stimuli/Scrambled/Slide153S0.JPG
,,,/Stimuli/Scrambled/Slide164S0.JPG
,,,/Stimuli/Scrambled/Slide86S0.JPG
,,,/Stimuli/Scrambled/Slide125S0.JPG
,,,/Stimuli/Scrambled/Slide80S0.JPG
,,,/Stimuli/Scrambled/Slide120S0.JPG
,,,/Stimuli/Scrambled/Slide74S0.JPG
,,,/Stimuli/Scrambled/Slide206S0.JPG
,,,/Stimuli/Scrambled/Slide177S0.JPG
,,,/Stimuli/Scrambled/Slide221S0.JPG
,,,/Stimuli/Scrambled/Slide50S0.JPG
,,,/Stimuli/Scrambled/Slide135S0.JPG
,,,/Stimuli/Scrambled/Slide139S0.JPG
,,,/Stimuli/Scrambled/Slide170S0.JPG
,,,/Stimuli/Scrambled/Slide171S0.JPG
,,,/Stimuli/Scrambled/Slide123S0.JPG
,,,/Stimuli/Scrambled/Slide71S0.JPG
,,,/Stimuli/Scrambled/Slide175S0.JPG
,,,/Stimuli/Scrambled/Slide195S0.JPG
,,,/Stimuli/Scrambled/Slide55S0.JPG
, S,,/Stimuli/Scrambled/Slide10S0.JPG
,,,/Stimuli/Scrambled/Slide39S0.JPG
,,,/Stimuli/Scrambled/Slide188S0.JPG
,,,/Stimuli/Scrambled/Slide28S0.JPG
,,,/Stimuli/Scrambled/Slide59S0.JPG
,,,/Stimuli/Scrambled/Slide150S0.JPG
,,,/Stimuli/Scrambled/Slide191S0.JPG
,,,/Stimuli/Scrambled/Slide166S0.JPG
,,,/Stimuli/Scrambled/Slide207S0.JPG
,,,/Stimuli/Scrambled/Slide44S0.JPG
,,,/Stimuli/Scrambled/Slide160S0.JPG
,,,/Stimuli/Scrambled/Slide129S0.JPG
,,,/Stimuli/Scrambled/Slide196S0.JPG
,,,/Stimuli/Scrambled/Slide181S0.JPG
1, E,/rectangle2.png,/Stimuli/Scrambled/Slide101S0.JPG
1, S,/rectangle1.png,/Stimuli/Scrambled/Slide100S0.JPG
,,,/Stimuli/Scrambled/Slide33S0.JPG
, S,,/Stimuli/Scrambled/Slide113S0.JPG
,,,/Stimuli/Scrambled/Slide98S0.JPG
,,,/Stimuli/Scrambled/Slide210S0.JPG
,,,/Stimuli/Scrambled/Slide159S0.JPG
,,,/Stimuli/Scrambled/Slide142S0.JPG
,,,/Stimuli/Scrambled/Slide11S0.JPG
,,,/Stimuli/Scrambled/Slide69S0.JPG
,,,/Stimuli/Scrambled/Slide93S0.JPG
,,,/Stimuli/Scrambled/Slide76S0.JPG
,,,/Stimuli/Scrambled/Slide54S0.JPG
,,,/Stimuli/Scrambled/Slide138S0.JPG
,,,/Stimuli/Scrambled/Slide157S0.JPG
,,,/Stimuli/Scrambled/Slide183S0.JPG
,,,/Stimuli/Scrambled/Slide134S0.JPG
